{
    "forms": [
        {
            "id": 1,
            "title": "示例表单",
            "fields": [
                {
                    "name": "姓名",
                    "type": "text",
                    "value": ""
                },
                {
                    "name": "年龄",
                    "type": "number",
                    "value": ""
                },
                {
                    "name": "邮箱",
                    "type": "email",
                    "value": ""
                }
            ],
            "submitted": false
        }
    ]
}